filename,topo_name,family,size_param,tpattern,seed,n_servers,n_switches,switch_radix,n_links,pattern,n_flows,n_flows_delivered,p_flows_connected,path_min,path_max,path_mean,path_std,hop_mean,hop_std,flows_link_min,flows_link_max,flows_link_mean,flows_link_std,flows_bottleneck,flows_over_mean,path_hist,flow_hist
megafly_16_dragonfly_min_alltoall_seed13.log,megafly_16,MegaFly,16,alltoall,13,4160,1040,16,20800,alltoall,17305600,17305600,100.0,0,5,4.980288,0.185005,0.99976,0.015502,4096,4544,4143.6,71.108952,3807.535211,4176.46491,"{""0"": 4160, ""2"": 29120, ""4"": 232960, ""5"": 17039360}","{""4096"": 8320, ""4159"": 8320, ""4160"": 3640, ""4544"": 520}"
megafly_16_dragonfly_min_alltoall_seed42.log,megafly_16,MegaFly,16,alltoall,42,4160,1040,16,20800,alltoall,17305600,17305600,100.0,0,5,4.980288,0.185005,0.99976,0.015502,4096,4544,4143.6,71.108952,3807.535211,4176.46491,"{""0"": 4160, ""2"": 29120, ""4"": 232960, ""5"": 17039360}","{""4096"": 8320, ""4159"": 8320, ""4160"": 3640, ""4544"": 520}"
megafly_16_dragonfly_min_alltoall_seed99.log,megafly_16,MegaFly,16,alltoall,99,4160,1040,16,20800,alltoall,17305600,17305600,100.0,0,5,4.980288,0.185005,0.99976,0.015502,4096,4544,4143.6,71.108952,3807.535211,4176.46491,"{""0"": 4160, ""2"": 29120, ""4"": 232960, ""5"": 17039360}","{""4096"": 8320, ""4159"": 8320, ""4160"": 3640, ""4544"": 520}"
megafly_16_dragonfly_min_bisection_seed13.log,megafly_16,MegaFly,16,bisection,13,4160,1040,16,20800,bisection,4160,4160,100.0,2,5,4.982692,0.160213,1.0,0.0,0,5,0.996538,0.734267,3460288.0,17365712.080278,"{""2"": 6, ""4"": 54, ""5"": 4100}","{""0"": 4408, ""1"": 13122, ""2"": 2358, ""3"": 773, ""4"": 124, ""5"": 15}"
megafly_16_dragonfly_min_bisection_seed42.log,megafly_16,MegaFly,16,bisection,42,4160,1040,16,20800,bisection,4160,4160,100.0,2,5,4.979808,0.177004,1.0,0.0,0,6,0.995962,0.740654,2883573.333333,17375771.384437,"{""2"": 8, ""4"": 60, ""5"": 4092}","{""0"": 4422, ""1"": 13146, ""2"": 2313, ""3"": 758, ""4"": 141, ""5"": 14, ""6"": 6}"
megafly_16_dragonfly_min_bisection_seed99.log,megafly_16,MegaFly,16,bisection,99,4160,1040,16,20800,bisection,4160,4160,100.0,2,5,4.982692,0.15094,1.0,0.0,0,6,0.996538,0.737273,2883573.333333,17365712.080278,"{""2"": 4, ""4"": 60, ""5"": 4096}","{""0"": 4425, ""1"": 13076, ""2"": 2427, ""3"": 714, ""4"": 138, ""5"": 16, ""6"": 4}"
megafly_16_dragonfly_min_hotregion_1000_seed13.log,megafly_16,MegaFly,16,hotregion_1000,13,4160,1040,16,20800,hotregion,1000,1000,100.0,2,5,4.984,0.147532,1.0,0.0,0,5,0.239615,0.507256,3460288.0,72222407.704655,"{""2"": 1, ""4"": 13, ""5"": 986}","{""0"": 16498, ""1"": 3707, ""2"": 519, ""3"": 66, ""4"": 9, ""5"": 1}"
megafly_16_dragonfly_min_hotregion_1000_seed42.log,megafly_16,MegaFly,16,hotregion_1000,42,4160,1040,16,20800,hotregion,1000,1000,100.0,0,5,4.971,0.272458,0.998,0.044699,0,6,0.23899,0.50996,2883573.333333,72411281.432307,"{""0"": 2, ""2"": 1, ""4"": 16, ""5"": 981}","{""0"": 16526, ""1"": 3675, ""2"": 515, ""3"": 73, ""4"": 9, ""5"": 1, ""6"": 1}"
megafly_16_dragonfly_min_hotregion_1000_seed99.log,megafly_16,MegaFly,16,hotregion_1000,99,4160,1040,16,20800,hotregion,1000,1000,100.0,2,5,4.976,0.188307,1.0,0.0,0,5,0.239231,0.510837,3460288.0,72338520.900322,"{""2"": 2, ""4"": 18, ""5"": 980}","{""0"": 16548, ""1"": 3616, ""2"": 556, ""3"": 73, ""4"": 6, ""5"": 1}"
megafly_16_dragonfly_min_random_5000_seed13.log,megafly_16,MegaFly,16,random_5000,13,4160,1040,16,20800,random,5000,5000,100.0,0,5,4.9786,0.195319,0.9998,0.014142,0,7,1.196779,1.0908,2471634.285714,14460148.636163,"{""0"": 1, ""2"": 11, ""4"": 69, ""5"": 4919}","{""0"": 6270, ""1"": 7540, ""2"": 4494, ""3"": 1802, ""4"": 535, ""5"": 138, ""6"": 18, ""7"": 3}"
megafly_16_dragonfly_min_random_5000_seed42.log,megafly_16,MegaFly,16,random_5000,42,4160,1040,16,20800,random,5000,5000,100.0,0,5,4.9826,0.168235,0.9998,0.014142,0,8,1.19774,1.087094,2162680.0,14448540.119616,"{""0"": 1, ""2"": 6, ""4"": 64, ""5"": 4929}","{""0"": 6220, ""1"": 7555, ""2"": 4587, ""3"": 1764, ""4"": 514, ""5"": 132, ""6"": 22, ""7"": 4, ""8"": 2}"
megafly_16_dragonfly_min_random_5000_seed99.log,megafly_16,MegaFly,16,random_5000,99,4160,1040,16,20800,random,5000,5000,100.0,0,5,4.9836,0.1629,0.9996,0.019998,0,7,1.197981,1.083351,2471634.285714,14445640.902159,"{""0"": 2, ""2"": 2, ""4"": 66, ""5"": 4930}","{""0"": 6248, ""1"": 7455, ""2"": 4660, ""3"": 1775, ""4"": 522, ""5"": 115, ""6"": 20, ""7"": 5}"
megafly_16_dragonfly_min_shift_5_seed13.log,megafly_16,MegaFly,16,shift_5,13,4160,1040,16,20800,shift,4160,4160,100.0,2,5,3.328125,1.061593,1.0,0.0,0,5,0.665625,1.133636,3460288.0,25999023.474178,"{""2"": 1560, ""4"": 2275, ""5"": 325}","{""0"": 11375, ""1"": 8320, ""5"": 1105}"
megafly_16_dragonfly_min_shift_5_seed42.log,megafly_16,MegaFly,16,shift_5,42,4160,1040,16,20800,shift,4160,4160,100.0,2,5,3.328125,1.061593,1.0,0.0,0,5,0.665625,1.133636,3460288.0,25999023.474178,"{""2"": 1560, ""4"": 2275, ""5"": 325}","{""0"": 11375, ""1"": 8320, ""5"": 1105}"
megafly_16_dragonfly_min_shift_5_seed99.log,megafly_16,MegaFly,16,shift_5,99,4160,1040,16,20800,shift,4160,4160,100.0,2,5,3.328125,1.061593,1.0,0.0,0,5,0.665625,1.133636,3460288.0,25999023.474178,"{""2"": 1560, ""4"": 2275, ""5"": 325}","{""0"": 11375, ""1"": 8320, ""5"": 1105}"
megafly_20_dragonfly_min_alltoall_seed13.log,megafly_20,MegaFly,20,alltoall,13,10100,2020,20,50500,alltoall,102010000,102010000,100.0,0,5,4.987921,0.138781,0.999901,0.00995,10000,10900,10075.6,127.300278,9357.788991,10124.459089,"{""0"": 10100, ""2"": 90900, ""4"": 909000, ""5"": 101000000}","{""10000"": 20200, ""10099"": 20200, ""10100"": 9090, ""10900"": 1010}"
megafly_20_dragonfly_min_alltoall_seed42.log,megafly_20,MegaFly,20,alltoall,42,10100,2020,20,50500,alltoall,102010000,102010000,100.0,0,5,4.987921,0.138781,0.999901,0.00995,10000,10900,10075.6,127.300278,9357.788991,10124.459089,"{""0"": 10100, ""2"": 90900, ""4"": 909000, ""5"": 101000000}","{""10000"": 20200, ""10099"": 20200, ""10100"": 9090, ""10900"": 1010}"
megafly_20_dragonfly_min_alltoall_seed99.log,megafly_20,MegaFly,20,alltoall,99,10100,2020,20,50500,alltoall,102010000,102010000,100.0,0,5,4.987921,0.138781,0.999901,0.00995,10000,10900,10075.6,127.300278,9357.788991,10124.459089,"{""0"": 10100, ""2"": 90900, ""4"": 909000, ""5"": 101000000}","{""10000"": 20200, ""10099"": 20200, ""10100"": 9090, ""10900"": 1010}"
megafly_20_dragonfly_min_bisection_seed13.log,megafly_20,MegaFly,20,bisection,13,10100,2020,20,50500,bisection,10100,10100,100.0,2,5,4.987327,0.152342,1.0,0.0,0,6,0.997465,0.745843,16999983.333333,102269217.025332,"{""2"": 18, ""4"": 74, ""5"": 10008}","{""0"": 10807, ""1"": 31737, ""2"": 5754, ""3"": 1738, ""4"": 409, ""5"": 53, ""6"": 2}"
megafly_20_dragonfly_min_bisection_seed42.log,megafly_20,MegaFly,20,bisection,42,10100,2020,20,50500,bisection,10100,10100,100.0,2,5,4.985545,0.15793,1.0,0.0,0,6,0.997109,0.739871,16999983.333333,102305775.112206,"{""2"": 18, ""4"": 92, ""5"": 9990}","{""0"": 10719, ""1"": 31814, ""2"": 5861, ""3"": 1670, ""4"": 378, ""5"": 52, ""6"": 6}"
megafly_20_dragonfly_min_bisection_seed99.log,megafly_20,MegaFly,20,bisection,99,10100,2020,20,50500,bisection,10100,10100,100.0,2,5,4.989307,0.128534,1.0,0.0,0,7,0.997861,0.736708,14571414.285714,102228627.55993,"{""2"": 10, ""4"": 78, ""5"": 10012}","{""0"": 10655, ""1"": 31893, ""2"": 5793, ""3"": 1788, ""4"": 311, ""5"": 57, ""6"": 1, ""7"": 2}"
megafly_20_dragonfly_min_hotregion_1000_seed13.log,megafly_20,MegaFly,20,hotregion_1000,13,10100,2020,20,50500,hotregion,1000,1000,100.0,2,5,4.988,0.133693,1.0,0.0,0,4,0.098772,0.318332,25499975.0,1032779671.210906,"{""2"": 1, ""4"": 9, ""5"": 990}","{""0"": 45802, ""1"": 4428, ""2"": 251, ""3"": 18, ""4"": 1}"
megafly_20_dragonfly_min_hotregion_1000_seed42.log,megafly_20,MegaFly,20,hotregion_1000,42,10100,2020,20,50500,hotregion,1000,1000,100.0,0,5,4.991,0.170141,0.999,0.031623,0,4,0.098832,0.319028,25499975.0,1032158885.994791,"{""0"": 1, ""4"": 4, ""5"": 995}","{""0"": 45808, ""1"": 4414, ""2"": 258, ""3"": 19, ""4"": 1}"
megafly_20_dragonfly_min_hotregion_1000_seed99.log,megafly_20,MegaFly,20,hotregion_1000,99,10100,2020,20,50500,hotregion,1000,1000,100.0,4,5,4.992,0.089129,1.0,0.0,0,4,0.098851,0.320724,25499975.0,1031952123.397436,"{""4"": 8, ""5"": 992}","{""0"": 45838, ""1"": 4349, ""2"": 297, ""3"": 15, ""4"": 1}"
megafly_20_dragonfly_min_random_5000_seed13.log,megafly_20,MegaFly,20,random_5000,13,10100,2020,20,50500,random,5000,5000,100.0,0,5,4.9868,0.16072,0.9996,0.019998,0,5,0.493743,0.701364,20399980.0,206605638.886661,"{""0"": 2, ""2"": 4, ""4"": 44, ""5"": 4950}","{""0"": 30808, ""1"": 15220, ""2"": 3792, ""3"": 597, ""4"": 76, ""5"": 7}"
megafly_20_dragonfly_min_random_5000_seed42.log,megafly_20,MegaFly,20,random_5000,42,10100,2020,20,50500,random,5000,5000,100.0,2,5,4.9916,0.103593,1.0,0.0,0,6,0.494218,0.701453,16999983.333333,206406963.699014,"{""2"": 2, ""4"": 36, ""5"": 4962}","{""0"": 30764, ""1"": 15303, ""2"": 3734, ""3"": 619, ""4"": 71, ""5"": 8, ""6"": 1}"
megafly_20_dragonfly_min_random_5000_seed99.log,megafly_20,MegaFly,20,random_5000,99,10100,2020,20,50500,random,5000,5000,100.0,2,5,4.9844,0.169004,1.0,0.0,0,7,0.493505,0.700429,14571414.285714,206705119.97432,"{""2"": 11, ""4"": 45, ""5"": 4944}","{""0"": 30780, ""1"": 15284, ""2"": 3769, ""3"": 574, ""4"": 89, ""5"": 3, ""7"": 1}"
megafly_20_dragonfly_min_shift_5_seed13.log,megafly_20,MegaFly,20,shift_5,13,10100,2020,20,50500,shift,10100,10100,100.0,2,5,3.05,1.071267,1.0,0.0,0,5,0.61,1.03823,20399980.0,167229508.196721,"{""2"": 5050, ""4"": 4545, ""5"": 505}","{""0"": 28179, ""1"": 20200, ""5"": 2121}"
megafly_20_dragonfly_min_shift_5_seed42.log,megafly_20,MegaFly,20,shift_5,42,10100,2020,20,50500,shift,10100,10100,100.0,2,5,3.05,1.071267,1.0,0.0,0,5,0.61,1.03823,20399980.0,167229508.196721,"{""2"": 5050, ""4"": 4545, ""5"": 505}","{""0"": 28179, ""1"": 20200, ""5"": 2121}"
megafly_20_dragonfly_min_shift_5_seed99.log,megafly_20,MegaFly,20,shift_5,99,10100,2020,20,50500,shift,10100,10100,100.0,2,5,3.05,1.071267,1.0,0.0,0,5,0.61,1.03823,20399980.0,167229508.196721,"{""2"": 5050, ""4"": 4545, ""5"": 505}","{""0"": 28179, ""1"": 20200, ""5"": 2121}"
megafly_4_dragonfly_min_alltoall_seed13.log,megafly_4,MegaFly,4,alltoall,13,20,20,4,100,alltoall,400,400,100.0,0,5,4.5,1.246549,0.95,0.218218,16,20,18.0,1.68175,19.0,22.222222,"{""0"": 20, ""2"": 20, ""4"": 40, ""5"": 320}","{""16"": 40, ""19"": 40, ""20"": 20}"
megafly_4_dragonfly_min_alltoall_seed42.log,megafly_4,MegaFly,4,alltoall,42,20,20,4,100,alltoall,400,400,100.0,0,5,4.5,1.246549,0.95,0.218218,16,20,18.0,1.68175,19.0,22.222222,"{""0"": 20, ""2"": 20, ""4"": 40, ""5"": 320}","{""16"": 40, ""19"": 40, ""20"": 20}"
megafly_4_dragonfly_min_alltoall_seed99.log,megafly_4,MegaFly,4,alltoall,99,20,20,4,100,alltoall,400,400,100.0,0,5,4.5,1.246549,0.95,0.218218,16,20,18.0,1.68175,19.0,22.222222,"{""0"": 20, ""2"": 20, ""4"": 40, ""5"": 320}","{""16"": 40, ""19"": 40, ""20"": 20}"
megafly_4_dragonfly_min_bisection_seed13.log,megafly_4,MegaFly,4,bisection,13,20,20,4,100,bisection,20,20,100.0,5,5,5.0,0.0,1.0,0.0,0,3,1.0,0.666667,126.666667,400.0,"{""5"": 20}","{""0"": 20, ""1"": 62, ""2"": 16, ""3"": 2}"
megafly_4_dragonfly_min_bisection_seed42.log,megafly_4,MegaFly,4,bisection,42,20,20,4,100,bisection,20,20,100.0,4,5,4.9,0.307794,1.0,0.0,0,2,0.98,0.550115,190.0,408.163265,"{""4"": 2, ""5"": 18}","{""0"": 16, ""1"": 70, ""2"": 14}"
megafly_4_dragonfly_min_bisection_seed99.log,megafly_4,MegaFly,4,bisection,99,20,20,4,100,bisection,20,20,100.0,5,5,5.0,0.0,1.0,0.0,0,3,1.0,0.635642,126.666667,400.0,"{""5"": 20}","{""0"": 18, ""1"": 66, ""2"": 14, ""3"": 2}"
megafly_4_dragonfly_min_hotregion_1000_seed13.log,megafly_4,MegaFly,4,hotregion_1000,13,20,20,4,100,hotregion,1000,1000,100.0,0,5,4.543,1.213105,0.953,0.211745,23,159,45.43,24.425626,2.389937,8.804755,"{""0"": 47, ""2"": 47, ""4"": 81, ""5"": 825}","{""23"": 1, ""24"": 3, ""25"": 5, ""26"": 1, ""27"": 1, ""28"": 2, ""29"": 3, ""30"": 1, ""31"": 1, ""32"": 8, ""33"": 4, ""34"": 5, ""35"": 2, ""36"": 4, ""37"": 3, ""38"": 5, ""39"": 2, ""40"": 7, ""41"": 2, ""42"": 1, ""43"": 4, ""44"": 3, ""45"": 2, ""46"": 2, ""47"": 2, ""49"": 1, ""50"": 1, ""51"": 1, ""52"": 2, ""53"": 1, ""54"": 2, ""55"": 1, ""58"": 2, ""59"": 1, ""62"": 1, ""63"": 1, ""64"": 3, ""66"": 1, ""77"": 1, ""79"": 2, ""88"": 1, ""127"": 1, ""139"": 1, ""155"": 1, ""159"": 1}"
megafly_4_dragonfly_min_hotregion_1000_seed42.log,megafly_4,MegaFly,4,hotregion_1000,42,20,20,4,100,hotregion,1000,1000,100.0,0,5,4.527,1.201963,0.955,0.207408,21,151,45.27,24.594429,2.516556,8.835874,"{""0"": 45, ""2"": 49, ""4"": 101, ""5"": 805}","{""21"": 2, ""23"": 1, ""24"": 1, ""25"": 1, ""26"": 4, ""27"": 5, ""28"": 2, ""29"": 2, ""30"": 4, ""31"": 8, ""32"": 4, ""34"": 3, ""35"": 3, ""36"": 4, ""37"": 1, ""38"": 2, ""39"": 3, ""40"": 1, ""41"": 3, ""42"": 4, ""43"": 6, ""44"": 3, ""45"": 3, ""46"": 1, ""47"": 2, ""49"": 4, ""50"": 2, ""51"": 1, ""54"": 2, ""56"": 2, ""57"": 1, ""60"": 1, ""61"": 1, ""63"": 1, ""65"": 1, ""71"": 2, ""73"": 1, ""74"": 2, ""86"": 1, ""90"": 1, ""130"": 1, ""144"": 1, ""150"": 1, ""151"": 1}"
megafly_4_dragonfly_min_hotregion_1000_seed99.log,megafly_4,MegaFly,4,hotregion_1000,99,20,20,4,100,hotregion,1000,1000,100.0,0,5,4.492,1.282022,0.946,0.226131,20,166,44.92,28.445475,2.289157,8.90472,"{""0"": 54, ""2"": 52, ""4"": 82, ""5"": 812}","{""20"": 1, ""21"": 1, ""22"": 1, ""23"": 2, ""24"": 2, ""25"": 2, ""26"": 3, ""27"": 4, ""28"": 3, ""29"": 5, ""30"": 5, ""31"": 5, ""32"": 5, ""33"": 3, ""34"": 1, ""35"": 4, ""36"": 4, ""37"": 2, ""38"": 2, ""39"": 4, ""40"": 2, ""41"": 1, ""42"": 1, ""43"": 3, ""44"": 3, ""45"": 2, ""46"": 4, ""48"": 2, ""49"": 1, ""50"": 1, ""52"": 1, ""53"": 1, ""54"": 2, ""57"": 1, ""58"": 1, ""59"": 1, ""62"": 1, ""63"": 1, ""64"": 1, ""66"": 1, ""67"": 1, ""75"": 1, ""80"": 1, ""87"": 1, ""93"": 1, ""97"": 1, ""153"": 1, ""163"": 1, ""166"": 2}"
megafly_4_dragonfly_min_random_5000_seed13.log,megafly_4,MegaFly,4,random_5000,13,20,20,4,100,random,5000,5000,100.0,0,5,4.538,1.19835,0.9542,0.209072,175,274,226.9,23.814731,1.386861,1.762891,"{""0"": 229, ""2"": 226, ""4"": 487, ""5"": 4058}","{""175"": 1, ""181"": 1, ""183"": 2, ""185"": 1, ""188"": 1, ""192"": 2, ""195"": 1, ""196"": 1, ""197"": 2, ""198"": 1, ""200"": 2, ""202"": 1, ""204"": 2, ""205"": 3, ""206"": 1, ""207"": 3, ""208"": 1, ""210"": 2, ""211"": 3, ""212"": 2, ""213"": 1, ""215"": 1, ""216"": 2, ""218"": 5, ""220"": 2, ""222"": 2, ""223"": 2, ""224"": 1, ""225"": 1, ""228"": 3, ""229"": 1, ""232"": 3, ""233"": 1, ""234"": 1, ""236"": 1, ""239"": 1, ""240"": 4, ""241"": 3, ""242"": 2, ""244"": 1, ""245"": 5, ""248"": 2, ""249"": 3, ""250"": 2, ""251"": 1, ""252"": 1, ""254"": 1, ""255"": 2, ""257"": 4, ""262"": 2, ""266"": 3, ""268"": 1, ""273"": 1, ""274"": 1}"
megafly_4_dragonfly_min_random_5000_seed42.log,megafly_4,MegaFly,4,random_5000,42,20,20,4,100,random,5000,5000,100.0,0,5,4.4838,1.277209,0.946,0.22604,170,275,224.19,26.663521,1.381818,1.784201,"{""0"": 270, ""2"": 251, ""4"": 478, ""5"": 4001}","{""170"": 1, ""173"": 1, ""181"": 2, ""182"": 2, ""184"": 3, ""185"": 2, ""186"": 2, ""187"": 2, ""188"": 1, ""191"": 1, ""195"": 1, ""198"": 1, ""199"": 1, ""200"": 1, ""201"": 1, ""204"": 2, ""206"": 2, ""207"": 2, ""208"": 1, ""209"": 1, ""210"": 1, ""211"": 2, ""212"": 2, ""215"": 3, ""216"": 1, ""217"": 3, ""219"": 1, ""221"": 2, ""222"": 2, ""223"": 1, ""224"": 1, ""225"": 1, ""226"": 2, ""228"": 1, ""229"": 1, ""230"": 1, ""231"": 5, ""232"": 3, ""234"": 3, ""235"": 1, ""238"": 1, ""239"": 1, ""240"": 2, ""241"": 1, ""242"": 1, ""244"": 1, ""245"": 1, ""246"": 1, ""247"": 1, ""248"": 1, ""249"": 1, ""250"": 1, ""251"": 1, ""252"": 2, ""253"": 1, ""254"": 2, ""255"": 2, ""257"": 1, ""258"": 1, ""259"": 1, ""263"": 3, ""266"": 1, ""269"": 1, ""272"": 1, ""273"": 1, ""274"": 1, ""275"": 1}"
megafly_4_dragonfly_min_random_5000_seed99.log,megafly_4,MegaFly,4,random_5000,99,20,20,4,100,random,5000,5000,100.0,0,5,4.525,1.201359,0.9546,0.208201,161,298,226.25,29.63835,1.275168,1.767956,"{""0"": 227, ""2"": 238, ""4"": 526, ""5"": 4009}","{""161"": 1, ""164"": 1, ""165"": 1, ""174"": 1, ""180"": 1, ""184"": 1, ""186"": 1, ""187"": 1, ""188"": 1, ""189"": 1, ""190"": 1, ""191"": 1, ""192"": 1, ""193"": 2, ""194"": 2, ""195"": 2, ""197"": 1, ""201"": 1, ""202"": 1, ""203"": 3, ""206"": 2, ""207"": 2, ""209"": 5, ""210"": 1, ""212"": 1, ""213"": 1, ""215"": 1, ""216"": 1, ""219"": 2, ""220"": 1, ""221"": 2, ""223"": 1, ""225"": 1, ""226"": 2, ""228"": 3, ""229"": 3, ""230"": 3, ""232"": 3, ""233"": 1, ""234"": 1, ""235"": 2, ""238"": 3, ""239"": 1, ""241"": 1, ""242"": 4, ""244"": 1, ""246"": 2, ""247"": 1, ""248"": 1, ""250"": 1, ""251"": 1, ""253"": 1, ""255"": 1, ""256"": 1, ""257"": 1, ""259"": 1, ""260"": 1, ""263"": 2, ""266"": 3, ""268"": 2, ""269"": 1, ""270"": 1, ""279"": 1, ""280"": 1, ""288"": 1, ""292"": 1, ""298"": 1}"
megafly_4_dragonfly_min_shift_5_seed13.log,megafly_4,MegaFly,4,shift_5,13,20,20,4,100,shift,20,20,100.0,5,5,5.0,0.0,1.0,0.0,0,3,1.0,0.791368,126.666667,400.0,"{""5"": 20}","{""0"": 26, ""1"": 53, ""2"": 16, ""3"": 5}"
megafly_4_dragonfly_min_shift_5_seed42.log,megafly_4,MegaFly,4,shift_5,42,20,20,4,100,shift,20,20,100.0,5,5,5.0,0.0,1.0,0.0,0,3,1.0,0.791368,126.666667,400.0,"{""5"": 20}","{""0"": 26, ""1"": 53, ""2"": 16, ""3"": 5}"
megafly_4_dragonfly_min_shift_5_seed99.log,megafly_4,MegaFly,4,shift_5,99,20,20,4,100,shift,20,20,100.0,5,5,5.0,0.0,1.0,0.0,0,3,1.0,0.791368,126.666667,400.0,"{""5"": 20}","{""0"": 26, ""1"": 53, ""2"": 16, ""3"": 5}"
megafly_8_dragonfly_min_alltoall_seed13.log,megafly_8,MegaFly,8,alltoall,13,272,136,8,1360,alltoall,73984,73984,100.0,0,5,4.904412,0.475563,0.996324,0.060523,256,304,266.8,11.271798,242.473684,277.301349,"{""0"": 272, ""2"": 816, ""4"": 3264, ""5"": 69632}","{""256"": 544, ""271"": 544, ""272"": 204, ""304"": 68}"
megafly_8_dragonfly_min_alltoall_seed42.log,megafly_8,MegaFly,8,alltoall,42,272,136,8,1360,alltoall,73984,73984,100.0,0,5,4.904412,0.475563,0.996324,0.060523,256,304,266.8,11.271798,242.473684,277.301349,"{""0"": 272, ""2"": 816, ""4"": 3264, ""5"": 69632}","{""256"": 544, ""271"": 544, ""272"": 204, ""304"": 68}"
megafly_8_dragonfly_min_alltoall_seed99.log,megafly_8,MegaFly,8,alltoall,99,272,136,8,1360,alltoall,73984,73984,100.0,0,5,4.904412,0.475563,0.996324,0.060523,256,304,266.8,11.271798,242.473684,277.301349,"{""0"": 272, ""2"": 816, ""4"": 3264, ""5"": 69632}","{""256"": 544, ""271"": 544, ""272"": 204, ""304"": 68}"
megafly_8_dragonfly_min_bisection_seed13.log,megafly_8,MegaFly,8,bisection,13,272,136,8,1360,bisection,272,272,100.0,2,5,4.889706,0.480971,1.0,0.0,0,4,0.977941,0.704938,18428.0,75652.81203,"{""2"": 6, ""4"": 12, ""5"": 254}","{""0"": 286, ""1"": 877, ""2"": 146, ""3"": 43, ""4"": 8}"
megafly_8_dragonfly_min_bisection_seed42.log,megafly_8,MegaFly,8,bisection,42,272,136,8,1360,bisection,272,272,100.0,4,5,4.970588,0.169269,1.0,0.0,0,4,0.994118,0.701073,18428.0,74421.775148,"{""4"": 8, ""5"": 264}","{""0"": 277, ""1"": 869, ""2"": 165, ""3"": 43, ""4"": 6}"
megafly_8_dragonfly_min_bisection_seed99.log,megafly_8,MegaFly,8,bisection,99,272,136,8,1360,bisection,272,272,100.0,2,5,4.882353,0.439033,1.0,0.0,0,4,0.976471,0.680457,18428.0,75766.746988,"{""2"": 4, ""4"": 20, ""5"": 248}","{""0"": 276, ""1"": 887, ""2"": 158, ""3"": 31, ""4"": 8}"
megafly_8_dragonfly_min_hotregion_1000_seed13.log,megafly_8,MegaFly,8,hotregion_1000,13,272,136,8,1360,hotregion,1000,1000,100.0,0,5,4.91,0.440561,0.998,0.044699,0,18,3.610294,2.707939,4095.111111,20492.513238,"{""0"": 2, ""2"": 12, ""4"": 44, ""5"": 942}","{""0"": 54, ""1"": 202, ""2"": 287, ""3"": 267, ""4"": 202, ""5"": 115, ""6"": 63, ""7"": 51, ""8"": 40, ""9"": 19, ""10"": 16, ""11"": 12, ""12"": 12, ""13"": 6, ""14"": 7, ""15"": 3, ""16"": 2, ""17"": 1, ""18"": 1}"
megafly_8_dragonfly_min_hotregion_1000_seed42.log,megafly_8,MegaFly,8,hotregion_1000,42,272,136,8,1360,hotregion,1000,1000,100.0,0,5,4.886,0.535996,0.994,0.077266,0,18,3.592647,2.56746,4095.111111,20593.172329,"{""0"": 6, ""2"": 11, ""4"": 51, ""5"": 932}","{""0"": 64, ""1"": 194, ""2"": 255, ""3"": 272, ""4"": 208, ""5"": 130, ""6"": 80, ""7"": 57, ""8"": 29, ""9"": 23, ""10"": 19, ""11"": 8, ""12"": 7, ""13"": 2, ""14"": 8, ""15"": 2, ""18"": 2}"
megafly_8_dragonfly_min_hotregion_1000_seed99.log,megafly_8,MegaFly,8,hotregion_1000,99,272,136,8,1360,hotregion,1000,1000,100.0,0,5,4.907,0.494566,0.995,0.070569,0,18,3.608088,2.706669,4095.111111,20505.041777,"{""0"": 5, ""2"": 10, ""4"": 38, ""5"": 947}","{""0"": 61, ""1"": 203, ""2"": 277, ""3"": 267, ""4"": 183, ""5"": 128, ""6"": 86, ""7"": 43, ""8"": 30, ""9"": 22, ""10"": 20, ""11"": 10, ""12"": 4, ""13"": 10, ""14"": 9, ""15"": 6, ""18"": 1}"
megafly_8_dragonfly_min_random_5000_seed13.log,megafly_8,MegaFly,8,random_5000,13,272,136,8,1360,random,5000,5000,100.0,0,5,4.904,0.471199,0.9966,0.058216,4,36,18.029412,4.435361,2047.555556,4103.517129,"{""0"": 17, ""2"": 56, ""4"": 227, ""5"": 4700}","{""4"": 1, ""5"": 2, ""7"": 5, ""8"": 3, ""9"": 15, ""10"": 23, ""11"": 32, ""12"": 53, ""13"": 62, ""14"": 89, ""15"": 111, ""16"": 136, ""17"": 121, ""18"": 120, ""19"": 100, ""20"": 106, ""21"": 92, ""22"": 73, ""23"": 59, ""24"": 47, ""25"": 32, ""26"": 34, ""27"": 12, ""28"": 17, ""29"": 7, ""30"": 3, ""31"": 2, ""32"": 1, ""34"": 1, ""36"": 1}"
megafly_8_dragonfly_min_random_5000_seed42.log,megafly_8,MegaFly,8,random_5000,42,272,136,8,1360,random,5000,5000,100.0,0,5,4.9016,0.484938,0.997,0.054696,7,36,18.020588,4.282296,2047.555556,4105.526359,"{""0"": 15, ""2"": 72, ""4"": 201, ""5"": 4712}","{""7"": 5, ""8"": 6, ""9"": 14, ""10"": 26, ""11"": 39, ""12"": 47, ""13"": 68, ""14"": 89, ""15"": 81, ""16"": 116, ""17"": 118, ""18"": 116, ""19"": 156, ""20"": 104, ""21"": 89, ""22"": 99, ""23"": 56, ""24"": 51, ""25"": 28, ""26"": 18, ""27"": 12, ""28"": 8, ""29"": 6, ""30"": 3, ""31"": 1, ""32"": 1, ""34"": 1, ""35"": 1, ""36"": 1}"
megafly_8_dragonfly_min_random_5000_seed99.log,megafly_8,MegaFly,8,random_5000,99,272,136,8,1360,random,5000,5000,100.0,0,5,4.9012,0.49385,0.9952,0.069122,5,31,18.019118,4.275768,2377.806452,4105.861422,"{""0"": 24, ""2"": 49, ""4"": 227, ""5"": 4700}","{""5"": 1, ""7"": 1, ""8"": 3, ""9"": 11, ""10"": 24, ""11"": 35, ""12"": 54, ""13"": 63, ""14"": 93, ""15"": 106, ""16"": 129, ""17"": 110, ""18"": 142, ""19"": 113, ""20"": 104, ""21"": 102, ""22"": 79, ""23"": 50, ""24"": 45, ""25"": 30, ""26"": 17, ""27"": 17, ""28"": 9, ""29"": 9, ""30"": 7, ""31"": 6}"
megafly_8_dragonfly_min_shift_5_seed13.log,megafly_8,MegaFly,8,shift_5,13,272,136,8,1360,shift,272,272,100.0,4,5,4.3125,0.464367,1.0,0.0,0,5,0.8625,1.142299,14742.4,85778.550725,"{""4"": 187, ""5"": 85}","{""0"": 603, ""1"": 604, ""3"": 60, ""4"": 76, ""5"": 17}"
megafly_8_dragonfly_min_shift_5_seed42.log,megafly_8,MegaFly,8,shift_5,42,272,136,8,1360,shift,272,272,100.0,4,5,4.3125,0.464367,1.0,0.0,0,5,0.8625,1.142299,14742.4,85778.550725,"{""4"": 187, ""5"": 85}","{""0"": 603, ""1"": 604, ""3"": 60, ""4"": 76, ""5"": 17}"
megafly_8_dragonfly_min_shift_5_seed99.log,megafly_8,MegaFly,8,shift_5,99,272,136,8,1360,shift,272,272,100.0,4,5,4.3125,0.464367,1.0,0.0,0,5,0.8625,1.142299,14742.4,85778.550725,"{""4"": 187, ""5"": 85}","{""0"": 603, ""1"": 604, ""3"": 60, ""4"": 76, ""5"": 17}"
slimfly_13_dragonfly_min_alltoall_seed13.log,slimfly_13,SlimFly,13,alltoall,13,3380,338,29,13182,alltoall,11424400,11424400,100.0,0,4,3.937278,0.260122,0.999704,0.017198,2700,3700,3412.307692,267.616459,3086.762162,3347.998197,"{""0"": 3380, ""2"": 30420, ""3"": 642200, ""4"": 10748400}","{""2700"": 338, ""2800"": 507, ""2900"": 507, ""3000"": 169, ""3100"": 507, ""3379"": 6760, ""3700"": 4394}"
slimfly_13_dragonfly_min_alltoall_seed42.log,slimfly_13,SlimFly,13,alltoall,42,3380,338,29,13182,alltoall,11424400,11424400,100.0,0,4,3.937278,0.260122,0.999704,0.017198,2700,3700,3412.307692,267.616459,3086.762162,3347.998197,"{""0"": 3380, ""2"": 30420, ""3"": 642200, ""4"": 10748400}","{""2700"": 338, ""2800"": 507, ""2900"": 507, ""3000"": 169, ""3100"": 507, ""3379"": 6760, ""3700"": 4394}"
slimfly_13_dragonfly_min_alltoall_seed99.log,slimfly_13,SlimFly,13,alltoall,99,3380,338,29,13182,alltoall,11424400,11424400,100.0,0,4,3.937278,0.260122,0.999704,0.017198,2700,3700,3412.307692,267.616459,3086.762162,3347.998197,"{""0"": 3380, ""2"": 30420, ""3"": 642200, ""4"": 10748400}","{""2700"": 338, ""2800"": 507, ""2900"": 507, ""3000"": 169, ""3100"": 507, ""3379"": 6760, ""3700"": 4394}"
slimfly_13_dragonfly_min_bisection_seed13.log,slimfly_13,SlimFly,13,bisection,13,3380,338,29,13182,bisection,3380,3380,100.0,2,4,3.931953,0.265591,1.0,0.0,0,6,1.008193,0.6859,1903503.333333,11331560.632054,"{""2"": 12, ""3"": 206, ""4"": 3162}","{""0"": 2265, ""1"": 9171, ""2"": 1255, ""3"": 372, ""4"": 104, ""5"": 13, ""6"": 2}"
slimfly_13_dragonfly_min_bisection_seed42.log,slimfly_13,SlimFly,13,bisection,42,3380,338,29,13182,bisection,3380,3380,100.0,2,4,3.925444,0.282262,1.0,0.0,0,6,1.006524,0.688237,1903503.333333,11350349.773892,"{""2"": 18, ""3"": 216, ""4"": 3146}","{""0"": 2261, ""1"": 9216, ""2"": 1214, ""3"": 363, ""4"": 107, ""5"": 19, ""6"": 2}"
slimfly_13_dragonfly_min_bisection_seed99.log,slimfly_13,SlimFly,13,bisection,99,3380,338,29,13182,bisection,3380,3380,100.0,2,4,3.943195,0.246367,1.0,0.0,0,5,1.011076,0.691697,2284204.0,11299252.761104,"{""2"": 12, ""3"": 168, ""4"": 3200}","{""0"": 2255, ""1"": 9199, ""2"": 1193, ""3"": 412, ""4"": 108, ""5"": 15}"
slimfly_13_dragonfly_min_hotregion_1000_seed13.log,slimfly_13,SlimFly,13,hotregion_1000,13,3380,338,29,13182,hotregion,1000,1000,100.0,2,4,3.94,0.257811,1.0,0.0,0,4,0.298892,0.554746,2855255.0,38222446.903553,"{""2"": 5, ""3"": 50, ""4"": 945}","{""0"": 9824, ""1"": 2836, ""2"": 467, ""3"": 50, ""4"": 5}"
slimfly_13_dragonfly_min_hotregion_1000_seed42.log,slimfly_13,SlimFly,13,hotregion_1000,42,3380,338,29,13182,hotregion,1000,1000,100.0,3,4,3.935,0.246649,1.0,0.0,0,5,0.298513,0.564372,2284204.0,38271014.180432,"{""3"": 65, ""4"": 935}","{""0"": 9877, ""1"": 2756, ""2"": 474, ""3"": 71, ""4"": 2, ""5"": 2}"
slimfly_13_dragonfly_min_hotregion_1000_seed99.log,slimfly_13,SlimFly,13,hotregion_1000,99,3380,338,29,13182,hotregion,1000,1000,100.0,2,4,3.938,0.253417,1.0,0.0,0,4,0.298741,0.559322,2855255.0,38241859.014728,"{""2"": 3, ""3"": 56, ""4"": 941}","{""0"": 9843, ""1"": 2814, ""2"": 459, ""3"": 58, ""4"": 8}"
slimfly_13_dragonfly_min_random_5000_seed13.log,slimfly_13,SlimFly,13,random_5000,13,3380,338,29,13182,random,5000,5000,100.0,0,4,3.9382,0.263049,0.9996,0.019998,0,8,1.493779,1.236934,1427627.5,7647983.383272,"{""0"": 2, ""2"": 16, ""3"": 269, ""4"": 4713}","{""0"": 3008, ""1"": 4398, ""2"": 3285, ""3"": 1584, ""4"": 641, ""5"": 205, ""6"": 46, ""7"": 14, ""8"": 1}"
slimfly_13_dragonfly_min_random_5000_seed42.log,slimfly_13,SlimFly,13,random_5000,42,3380,338,29,13182,random,5000,5000,100.0,0,4,3.942,0.251095,0.9998,0.014142,0,8,1.495221,1.227273,1427627.5,7640610.898021,"{""0"": 1, ""2"": 15, ""3"": 256, ""4"": 4728}","{""0"": 2969, ""1"": 4435, ""2"": 3250, ""3"": 1651, ""4"": 634, ""5"": 185, ""6"": 47, ""7"": 9, ""8"": 2}"
slimfly_13_dragonfly_min_random_5000_seed99.log,slimfly_13,SlimFly,13,random_5000,99,3380,338,29,13182,random,5000,5000,100.0,0,4,3.9362,0.271559,0.9992,0.028276,0,9,1.493021,1.243048,1269002.222222,7651869.356232,"{""0"": 4, ""2"": 11, ""3"": 281, ""4"": 4704}","{""0"": 3051, ""1"": 4357, ""2"": 3248, ""3"": 1618, ""4"": 659, ""5"": 176, ""6"": 56, ""7"": 15, ""8"": 1, ""9"": 1}"
slimfly_13_dragonfly_min_shift_5_seed13.log,slimfly_13,SlimFly,13,shift_5,13,3380,338,29,13182,shift,3380,3380,100.0,2,4,2.769231,0.846279,1.0,0.0,0,5,0.710059,0.997449,2284204.0,16089363.333333,"{""2"": 1690, ""3"": 780, ""4"": 910}","{""0"": 5902, ""1"": 6760, ""5"": 520}"
slimfly_13_dragonfly_min_shift_5_seed42.log,slimfly_13,SlimFly,13,shift_5,42,3380,338,29,13182,shift,3380,3380,100.0,2,4,2.769231,0.846279,1.0,0.0,0,5,0.710059,0.997449,2284204.0,16089363.333333,"{""2"": 1690, ""3"": 780, ""4"": 910}","{""0"": 5902, ""1"": 6760, ""5"": 520}"
slimfly_13_dragonfly_min_shift_5_seed99.log,slimfly_13,SlimFly,13,shift_5,99,3380,338,29,13182,shift,3380,3380,100.0,2,4,2.769231,0.846279,1.0,0.0,0,5,0.710059,0.997449,2284204.0,16089363.333333,"{""2"": 1690, ""3"": 780, ""4"": 910}","{""0"": 5902, ""1"": 6760, ""5"": 520}"
slimfly_17_dragonfly_min_alltoall_seed13.log,slimfly_17,SlimFly,17,alltoall,13,7514,578,38,29478,alltoall,56460196,56460196,100.0,0,4,3.953021,0.222628,0.999867,0.011535,5915,8281,7571.352941,669.218662,6817.133438,7457.081507,"{""0"": 7514, ""2"": 90168, ""3"": 2442050, ""4"": 53920464}","{""5915"": 289, ""6084"": 1445, ""6253"": 1445, ""6422"": 867, ""6591"": 578, ""7513"": 15028, ""8281"": 9826}"
slimfly_17_dragonfly_min_alltoall_seed42.log,slimfly_17,SlimFly,17,alltoall,42,7514,578,38,29478,alltoall,56460196,56460196,100.0,0,4,3.953021,0.222628,0.999867,0.011535,5915,8281,7571.352941,669.218662,6817.133438,7457.081507,"{""0"": 7514, ""2"": 90168, ""3"": 2442050, ""4"": 53920464}","{""5915"": 289, ""6084"": 1445, ""6253"": 1445, ""6422"": 867, ""6591"": 578, ""7513"": 15028, ""8281"": 9826}"
slimfly_17_dragonfly_min_alltoall_seed99.log,slimfly_17,SlimFly,17,alltoall,99,7514,578,38,29478,alltoall,56460196,56460196,100.0,0,4,3.953021,0.222628,0.999867,0.011535,5915,8281,7571.352941,669.218662,6817.133438,7457.081507,"{""0"": 7514, ""2"": 90168, ""3"": 2442050, ""4"": 53920464}","{""5915"": 289, ""6084"": 1445, ""6253"": 1445, ""6422"": 867, ""6591"": 578, ""7513"": 15028, ""8281"": 9826}"
slimfly_17_dragonfly_min_bisection_seed13.log,slimfly_17,SlimFly,17,bisection,13,7514,578,38,29478,bisection,7514,7514,100.0,2,4,3.954219,0.212811,1.0,0.0,0,6,1.007938,0.689905,9408780.333333,56015537.752019,"{""2"": 6, ""3"": 332, ""4"": 7176}","{""0"": 5131, ""1"": 20433, ""2"": 2731, ""3"": 958, ""4"": 188, ""5"": 31, ""6"": 6}"
slimfly_17_dragonfly_min_bisection_seed42.log,slimfly_17,SlimFly,17,bisection,42,7514,578,38,29478,bisection,7514,7514,100.0,2,4,3.945435,0.237457,1.0,0.0,0,6,1.005699,0.698236,9408780.333333,56140243.462457,"{""2"": 18, ""3"": 374, ""4"": 7122}","{""0"": 5216, ""1"": 20373, ""2"": 2711, ""3"": 925, ""4"": 199, ""5"": 44, ""6"": 10}"
slimfly_17_dragonfly_min_bisection_seed99.log,slimfly_17,SlimFly,17,bisection,99,7514,578,38,29478,bisection,7514,7514,100.0,2,4,3.952356,0.220397,1.0,0.0,0,7,1.007463,0.700548,8064668.857143,56041944.160819,"{""2"": 12, ""3"": 334, ""4"": 7168}","{""0"": 5202, ""1"": 20385, ""2"": 2687, ""3"": 933, ""4"": 221, ""5"": 46, ""6"": 2, ""7"": 2}"
slimfly_17_dragonfly_min_hotregion_1000_seed13.log,slimfly_17,SlimFly,17,hotregion_1000,13,7514,578,38,29478,hotregion,1000,1000,100.0,2,4,3.972,0.171012,1.0,0.0,0,4,0.134745,0.369146,14113170.5,419016530.132931,"{""2"": 1, ""3"": 26, ""4"": 973}","{""0"": 25784, ""1"": 3427, ""2"": 257, ""3"": 9, ""4"": 1}"
slimfly_17_dragonfly_min_hotregion_1000_seed42.log,slimfly_17,SlimFly,17,hotregion_1000,42,7514,578,38,29478,hotregion,1000,1000,100.0,2,4,3.968,0.181684,1.0,0.0,0,3,0.134609,0.370113,18817560.666667,419438925.828629,"{""2"": 1, ""3"": 30, ""4"": 969}","{""0"": 25796, ""1"": 3412, ""2"": 254, ""3"": 16}"
slimfly_17_dragonfly_min_hotregion_1000_seed99.log,slimfly_17,SlimFly,17,hotregion_1000,99,7514,578,38,29478,hotregion,1000,1000,100.0,2,4,3.944,0.24274,1.0,0.0,0,4,0.133795,0.372509,14113170.5,421991292.517241,"{""2"": 3, ""3"": 50, ""4"": 947}","{""0"": 25849, ""1"": 3335, ""2"": 274, ""3"": 19, ""4"": 1}"
slimfly_17_dragonfly_min_random_5000_seed13.log,slimfly_17,SlimFly,17,random_5000,13,7514,578,38,29478,random,5000,5000,100.0,0,4,3.9518,0.225138,0.9998,0.014142,0,6,0.670296,0.819592,9408780.333333,84231674.562883,"{""0"": 1, ""2"": 6, ""3"": 225, ""4"": 4768}","{""0"": 15115, ""1"": 10031, ""2"": 3426, ""3"": 769, ""4"": 120, ""5"": 13, ""6"": 4}"
slimfly_17_dragonfly_min_random_5000_seed42.log,slimfly_17,SlimFly,17,random_5000,42,7514,578,38,29478,random,5000,5000,100.0,0,4,3.9498,0.23514,0.9996,0.019998,0,5,0.669957,0.819745,11290536.4,84274325.671578,"{""0"": 2, ""2"": 7, ""3"": 229, ""4"": 4762}","{""0"": 15120, ""1"": 10035, ""2"": 3422, ""3"": 753, ""4"": 129, ""5"": 19}"
slimfly_17_dragonfly_min_random_5000_seed99.log,slimfly_17,SlimFly,17,random_5000,99,7514,578,38,29478,random,5000,5000,100.0,2,4,3.953,0.214477,1.0,0.0,0,7,0.6705,0.822937,8064668.857143,84206104.61361,"{""2"": 3, ""3"": 229, ""4"": 4768}","{""0"": 15089, ""1"": 10134, ""2"": 3332, ""3"": 749, ""4"": 154, ""5"": 18, ""7"": 2}"
slimfly_17_dragonfly_min_shift_5_seed13.log,slimfly_17,SlimFly,17,shift_5,13,7514,578,38,29478,shift,7514,7514,100.0,2,4,2.588235,0.805941,1.0,0.0,0,5,0.659746,0.907898,11290536.4,85578653.727273,"{""2"": 4624, ""3"": 1360, ""4"": 1530}","{""0"": 13566, ""1"": 15028, ""5"": 884}"
slimfly_17_dragonfly_min_shift_5_seed42.log,slimfly_17,SlimFly,17,shift_5,42,7514,578,38,29478,shift,7514,7514,100.0,2,4,2.588235,0.805941,1.0,0.0,0,5,0.659746,0.907898,11290536.4,85578653.727273,"{""2"": 4624, ""3"": 1360, ""4"": 1530}","{""0"": 13566, ""1"": 15028, ""5"": 884}"
slimfly_17_dragonfly_min_shift_5_seed99.log,slimfly_17,SlimFly,17,shift_5,99,7514,578,38,29478,shift,7514,7514,100.0,2,4,2.588235,0.805941,1.0,0.0,0,5,0.659746,0.907898,11290536.4,85578653.727273,"{""2"": 4624, ""3"": 1360, ""4"": 1530}","{""0"": 13566, ""1"": 15028, ""5"": 884}"
slimfly_3_dragonfly_min_alltoall_seed13.log,slimfly_3,SlimFly,3,alltoall,13,54,18,8,198,alltoall,2916,2916,100.0,0,4,3.574074,0.735524,0.981481,0.13484,36,63,52.636364,8.949327,45.428571,55.398964,"{""0"": 54, ""2"": 108, ""3"": 810, ""4"": 1944}","{""36"": 36, ""53"": 108, ""63"": 54}"
slimfly_3_dragonfly_min_alltoall_seed42.log,slimfly_3,SlimFly,3,alltoall,42,54,18,8,198,alltoall,2916,2916,100.0,0,4,3.574074,0.735524,0.981481,0.13484,36,63,52.636364,8.949327,45.428571,55.398964,"{""0"": 54, ""2"": 108, ""3"": 810, ""4"": 1944}","{""36"": 36, ""53"": 108, ""63"": 54}"
slimfly_3_dragonfly_min_alltoall_seed99.log,slimfly_3,SlimFly,3,alltoall,99,54,18,8,198,alltoall,2916,2916,100.0,0,4,3.574074,0.735524,0.981481,0.13484,36,63,52.636364,8.949327,45.428571,55.398964,"{""0"": 54, ""2"": 108, ""3"": 810, ""4"": 1944}","{""36"": 36, ""53"": 108, ""63"": 54}"
slimfly_3_dragonfly_min_bisection_seed13.log,slimfly_3,SlimFly,3,bisection,13,54,18,8,198,bisection,54,54,100.0,3,4,3.592593,0.495966,1.0,0.0,0,3,0.979798,0.612556,954.0,2976.123711,"{""3"": 22, ""4"": 32}","{""0"": 35, ""1"": 136, ""2"": 23, ""3"": 4}"
slimfly_3_dragonfly_min_bisection_seed42.log,slimfly_3,SlimFly,3,bisection,42,54,18,8,198,bisection,54,54,100.0,2,4,3.555556,0.571878,1.0,0.0,0,3,0.969697,0.502876,954.0,3007.125,"{""2"": 2, ""3"": 20, ""4"": 32}","{""0"": 27, ""1"": 151, ""2"": 19, ""3"": 1}"
slimfly_3_dragonfly_min_bisection_seed99.log,slimfly_3,SlimFly,3,bisection,99,54,18,8,198,bisection,54,54,100.0,2,4,3.62963,0.559525,1.0,0.0,0,3,0.989899,0.483115,954.0,2945.755102,"{""2"": 2, ""3"": 16, ""4"": 36}","{""0"": 22, ""1"": 158, ""2"": 16, ""3"": 2}"
slimfly_3_dragonfly_min_hotregion_1000_seed13.log,slimfly_3,SlimFly,3,hotregion_1000,13,54,18,8,198,hotregion,1000,1000,100.0,0,4,3.59,0.698848,0.986,0.117549,5,60,18.131313,9.924739,47.7,160.826741,"{""0"": 14, ""2"": 39, ""3"": 276, ""4"": 671}","{""5"": 1, ""6"": 5, ""7"": 6, ""8"": 4, ""9"": 7, ""10"": 10, ""11"": 8, ""12"": 19, ""13"": 8, ""14"": 16, ""15"": 10, ""16"": 8, ""17"": 10, ""18"": 11, ""19"": 9, ""20"": 13, ""21"": 14, ""22"": 3, ""23"": 3, ""24"": 2, ""25"": 8, ""26"": 1, ""27"": 3, ""29"": 2, ""30"": 1, ""32"": 1, ""33"": 1, ""38"": 1, ""39"": 1, ""40"": 2, ""41"": 1, ""42"": 1, ""46"": 2, ""49"": 1, ""51"": 1, ""55"": 2, ""58"": 1, ""60"": 1}"
slimfly_3_dragonfly_min_hotregion_1000_seed42.log,slimfly_3,SlimFly,3,hotregion_1000,42,54,18,8,198,hotregion,1000,1000,100.0,0,4,3.552,0.76018,0.978,0.146757,5,63,17.939394,10.021619,45.428571,162.547297,"{""0"": 22, ""2"": 33, ""3"": 294, ""4"": 651}","{""5"": 3, ""6"": 4, ""7"": 1, ""8"": 7, ""9"": 10, ""10"": 8, ""11"": 8, ""12"": 16, ""13"": 12, ""14"": 15, ""15"": 10, ""16"": 12, ""17"": 17, ""18"": 9, ""19"": 12, ""20"": 8, ""21"": 6, ""22"": 7, ""23"": 5, ""24"": 3, ""26"": 1, ""27"": 4, ""29"": 2, ""31"": 2, ""34"": 2, ""36"": 1, ""38"": 1, ""39"": 2, ""42"": 1, ""43"": 1, ""49"": 2, ""50"": 1, ""53"": 3, ""57"": 1, ""63"": 1}"
slimfly_3_dragonfly_min_hotregion_1000_seed99.log,slimfly_3,SlimFly,3,hotregion_1000,99,54,18,8,198,hotregion,1000,1000,100.0,0,4,3.588,0.714679,0.984,0.125538,4,68,18.121212,11.181723,42.088235,160.916388,"{""0"": 16, ""2"": 38, ""3"": 272, ""4"": 674}","{""4"": 1, ""5"": 2, ""6"": 3, ""7"": 6, ""8"": 9, ""9"": 9, ""10"": 11, ""11"": 8, ""12"": 14, ""13"": 12, ""14"": 11, ""15"": 9, ""16"": 13, ""17"": 13, ""18"": 9, ""19"": 8, ""20"": 13, ""21"": 8, ""22"": 6, ""23"": 4, ""24"": 2, ""25"": 1, ""26"": 4, ""27"": 1, ""28"": 1, ""31"": 1, ""33"": 1, ""34"": 1, ""35"": 1, ""37"": 1, ""38"": 1, ""40"": 2, ""41"": 1, ""42"": 1, ""43"": 1, ""48"": 2, ""53"": 1, ""55"": 2, ""56"": 1, ""58"": 1, ""68"": 2}"
slimfly_3_dragonfly_min_random_5000_seed13.log,slimfly_3,SlimFly,3,random_5000,13,54,18,8,198,random,5000,5000,100.0,0,4,3.5602,0.741138,0.9816,0.134406,45,136,89.90404,17.812785,21.044118,32.434582,"{""0"": 92, ""2"": 205, ""3"": 1421, ""4"": 3282}","{""45"": 1, ""46"": 1, ""47"": 1, ""54"": 2, ""55"": 1, ""56"": 2, ""57"": 2, ""58"": 2, ""59"": 1, ""60"": 2, ""62"": 4, ""63"": 1, ""64"": 1, ""65"": 4, ""67"": 2, ""68"": 2, ""69"": 3, ""70"": 2, ""71"": 2, ""72"": 1, ""73"": 2, ""74"": 2, ""76"": 1, ""77"": 3, ""78"": 2, ""79"": 2, ""80"": 2, ""81"": 3, ""82"": 1, ""83"": 4, ""84"": 5, ""85"": 6, ""86"": 6, ""87"": 6, ""88"": 4, ""89"": 4, ""90"": 5, ""91"": 1, ""92"": 4, ""93"": 8, ""94"": 5, ""95"": 5, ""96"": 9, ""97"": 3, ""98"": 4, ""99"": 7, ""100"": 4, ""101"": 2, ""102"": 2, ""103"": 5, ""104"": 2, ""105"": 5, ""106"": 1, ""107"": 4, ""108"": 5, ""109"": 3, ""110"": 5, ""111"": 1, ""112"": 1, ""113"": 1, ""114"": 1, ""115"": 5, ""117"": 1, ""118"": 1, ""119"": 1, ""120"": 1, ""121"": 1, ""125"": 2, ""127"": 1, ""129"": 1, ""136"": 1}"
slimfly_3_dragonfly_min_random_5000_seed42.log,slimfly_3,SlimFly,3,random_5000,42,54,18,8,198,random,5000,5000,100.0,0,4,3.5738,0.728189,0.9828,0.130029,45,131,90.247475,18.418275,21.847328,32.311153,"{""0"": 86, ""2"": 198, ""3"": 1391, ""4"": 3325}","{""45"": 1, ""46"": 1, ""47"": 1, ""49"": 1, ""52"": 2, ""53"": 1, ""54"": 1, ""55"": 1, ""56"": 2, ""57"": 2, ""59"": 6, ""61"": 3, ""62"": 1, ""64"": 1, ""65"": 4, ""66"": 2, ""68"": 1, ""70"": 2, ""71"": 2, ""72"": 1, ""74"": 2, ""75"": 1, ""76"": 2, ""77"": 1, ""78"": 4, ""79"": 2, ""80"": 1, ""82"": 3, ""83"": 6, ""84"": 7, ""85"": 3, ""86"": 2, ""87"": 5, ""88"": 5, ""89"": 3, ""90"": 6, ""91"": 5, ""92"": 4, ""93"": 8, ""94"": 4, ""95"": 3, ""96"": 3, ""97"": 3, ""98"": 10, ""99"": 7, ""100"": 4, ""101"": 6, ""102"": 4, ""103"": 2, ""104"": 6, ""105"": 3, ""106"": 5, ""107"": 2, ""108"": 1, ""109"": 2, ""110"": 3, ""111"": 3, ""112"": 2, ""113"": 1, ""115"": 3, ""116"": 1, ""117"": 4, ""118"": 1, ""119"": 3, ""120"": 1, ""123"": 1, ""125"": 1, ""128"": 1, ""130"": 1, ""131"": 1}"
slimfly_3_dragonfly_min_random_5000_seed99.log,slimfly_3,SlimFly,3,random_5000,99,54,18,8,198,random,5000,5000,100.0,0,4,3.5862,0.721854,0.9826,0.130769,51,137,90.560606,17.980075,20.890511,32.199431,"{""0"": 87, ""2"": 174, ""3"": 1373, ""4"": 3366}","{""51"": 1, ""52"": 2, ""54"": 1, ""56"": 3, ""57"": 2, ""58"": 2, ""59"": 4, ""61"": 3, ""63"": 3, ""64"": 2, ""65"": 4, ""66"": 2, ""67"": 1, ""68"": 2, ""69"": 1, ""70"": 1, ""73"": 2, ""74"": 1, ""75"": 2, ""76"": 1, ""77"": 5, ""78"": 2, ""79"": 5, ""80"": 1, ""81"": 4, ""82"": 2, ""83"": 3, ""84"": 1, ""85"": 3, ""86"": 5, ""87"": 4, ""88"": 4, ""89"": 7, ""90"": 5, ""91"": 4, ""92"": 7, ""93"": 4, ""94"": 6, ""95"": 4, ""96"": 2, ""97"": 5, ""98"": 3, ""99"": 5, ""100"": 4, ""101"": 5, ""102"": 5, ""103"": 2, ""104"": 5, ""105"": 5, ""106"": 5, ""107"": 1, ""108"": 7, ""109"": 4, ""110"": 3, ""111"": 2, ""113"": 2, ""114"": 3, ""116"": 1, ""117"": 3, ""119"": 1, ""120"": 3, ""121"": 1, ""122"": 1, ""125"": 1, ""127"": 1, ""130"": 1, ""137"": 1}"
slimfly_3_dragonfly_min_shift_5_seed13.log,slimfly_3,SlimFly,3,shift_5,13,54,18,8,198,shift,54,54,100.0,3,4,3.555556,0.50157,1.0,0.0,0,4,0.969697,0.675226,715.5,3007.125,"{""3"": 24, ""4"": 30}","{""0"": 41, ""1"": 128, ""2"": 24, ""3"": 4, ""4"": 1}"
slimfly_3_dragonfly_min_shift_5_seed42.log,slimfly_3,SlimFly,3,shift_5,42,54,18,8,198,shift,54,54,100.0,3,4,3.555556,0.50157,1.0,0.0,0,4,0.969697,0.675226,715.5,3007.125,"{""3"": 24, ""4"": 30}","{""0"": 41, ""1"": 128, ""2"": 24, ""3"": 4, ""4"": 1}"
slimfly_3_dragonfly_min_shift_5_seed99.log,slimfly_3,SlimFly,3,shift_5,99,54,18,8,198,shift,54,54,100.0,3,4,3.555556,0.50157,1.0,0.0,0,4,0.969697,0.675226,715.5,3007.125,"{""3"": 24, ""4"": 30}","{""0"": 41, ""1"": 128, ""2"": 24, ""3"": 4, ""4"": 1}"
slimfly_5_dragonfly_min_alltoall_seed13.log,slimfly_5,SlimFly,5,alltoall,13,200,50,11,750,alltoall,40000,40000,100.0,0,4,3.81,0.493869,0.995,0.070535,199,208,203.2,4.492985,191.346154,196.850394,"{""0"": 200, ""2"": 600, ""3"": 5600, ""4"": 33600}","{""199"": 400, ""208"": 350}"
slimfly_5_dragonfly_min_alltoall_seed42.log,slimfly_5,SlimFly,5,alltoall,42,200,50,11,750,alltoall,40000,40000,100.0,0,4,3.81,0.493869,0.995,0.070535,199,208,203.2,4.492985,191.346154,196.850394,"{""0"": 200, ""2"": 600, ""3"": 5600, ""4"": 33600}","{""199"": 400, ""208"": 350}"
slimfly_5_dragonfly_min_alltoall_seed99.log,slimfly_5,SlimFly,5,alltoall,99,200,50,11,750,alltoall,40000,40000,100.0,0,4,3.81,0.493869,0.995,0.070535,199,208,203.2,4.492985,191.346154,196.850394,"{""0"": 200, ""2"": 600, ""3"": 5600, ""4"": 33600}","{""199"": 400, ""208"": 350}"
slimfly_5_dragonfly_min_bisection_seed13.log,slimfly_5,SlimFly,5,bisection,13,200,50,11,750,bisection,200,200,100.0,2,4,3.81,0.441446,1.0,0.0,0,5,1.016,0.661559,7960.0,39370.07874,"{""2"": 4, ""3"": 30, ""4"": 166}","{""0"": 118, ""1"": 536, ""2"": 66, ""3"": 28, ""5"": 2}"
slimfly_5_dragonfly_min_bisection_seed42.log,slimfly_5,SlimFly,5,bisection,42,200,50,11,750,bisection,200,200,100.0,3,4,3.91,0.2869,1.0,0.0,0,3,1.042667,0.614288,13266.666667,38363.171355,"{""3"": 18, ""4"": 182}","{""0"": 100, ""1"": 544, ""2"": 80, ""3"": 26}"
slimfly_5_dragonfly_min_bisection_seed99.log,slimfly_5,SlimFly,5,bisection,99,200,50,11,750,bisection,200,200,100.0,3,4,3.84,0.367526,1.0,0.0,0,4,1.024,0.706226,9950.0,39062.5,"{""3"": 32, ""4"": 168}","{""0"": 130, ""1"": 518, ""2"": 58, ""3"": 42, ""4"": 2}"
slimfly_5_dragonfly_min_hotregion_1000_seed13.log,slimfly_5,SlimFly,5,hotregion_1000,13,200,50,11,750,hotregion,1000,1000,100.0,0,4,3.819,0.486287,0.995,0.070569,0,21,5.092,3.21517,1895.238095,7855.459544,"{""0"": 5, ""2"": 14, ""3"": 133, ""4"": 848}","{""0"": 8, ""1"": 31, ""2"": 86, ""3"": 127, ""4"": 119, ""5"": 124, ""6"": 91, ""7"": 51, ""8"": 36, ""9"": 21, ""10"": 10, ""11"": 10, ""12"": 10, ""13"": 2, ""14"": 6, ""15"": 3, ""16"": 3, ""17"": 3, ""18"": 2, ""19"": 3, ""20"": 2, ""21"": 2}"
slimfly_5_dragonfly_min_hotregion_1000_seed42.log,slimfly_5,SlimFly,5,hotregion_1000,42,200,50,11,750,hotregion,1000,1000,100.0,0,4,3.823,0.4959,0.994,0.077266,0,22,5.097333,3.116324,1809.090909,7847.240387,"{""0"": 6, ""2"": 14, ""3"": 125, ""4"": 855}","{""0"": 10, ""1"": 36, ""2"": 81, ""3"": 131, ""4"": 108, ""5"": 107, ""6"": 96, ""7"": 65, ""8"": 32, ""9"": 24, ""10"": 17, ""11"": 10, ""12"": 9, ""13"": 7, ""14"": 2, ""15"": 5, ""16"": 3, ""17"": 3, ""19"": 1, ""20"": 2, ""22"": 1}"
slimfly_5_dragonfly_min_hotregion_1000_seed99.log,slimfly_5,SlimFly,5,hotregion_1000,99,200,50,11,750,hotregion,1000,1000,100.0,0,4,3.81,0.475527,0.996,0.063151,0,21,5.08,3.378879,1895.238095,7874.015748,"{""0"": 4, ""2"": 12, ""3"": 150, ""4"": 834}","{""0"": 11, ""1"": 39, ""2"": 88, ""3"": 128, ""4"": 122, ""5"": 121, ""6"": 67, ""7"": 56, ""8"": 31, ""9"": 22, ""10"": 14, ""11"": 8, ""12"": 7, ""13"": 5, ""14"": 10, ""15"": 6, ""16"": 3, ""17"": 2, ""18"": 6, ""19"": 1, ""20"": 1, ""21"": 2}"
slimfly_5_dragonfly_min_random_5000_seed13.log,slimfly_5,SlimFly,5,random_5000,13,200,50,11,750,random,5000,5000,100.0,0,4,3.8106,0.501176,0.9942,0.075944,12,43,25.404,5.03109,925.581395,1574.555188,"{""0"": 29, ""2"": 70, ""3"": 691, ""4"": 4210}","{""12"": 1, ""13"": 2, ""14"": 3, ""15"": 6, ""16"": 11, ""17"": 13, ""18"": 21, ""19"": 34, ""20"": 29, ""21"": 49, ""22"": 46, ""23"": 64, ""24"": 53, ""25"": 72, ""26"": 56, ""27"": 48, ""28"": 43, ""29"": 39, ""30"": 41, ""31"": 30, ""32"": 23, ""33"": 12, ""34"": 23, ""35"": 13, ""36"": 4, ""37"": 8, ""38"": 1, ""39"": 1, ""40"": 2, ""41"": 1, ""43"": 1}"
slimfly_5_dragonfly_min_random_5000_seed42.log,slimfly_5,SlimFly,5,random_5000,42,200,50,11,750,random,5000,5000,100.0,0,4,3.8016,0.526776,0.9928,0.084555,13,42,25.344,4.959011,947.619048,1578.282828,"{""0"": 36, ""2"": 80, ""3"": 688, ""4"": 4196}","{""13"": 1, ""14"": 2, ""15"": 8, ""16"": 10, ""17"": 17, ""18"": 22, ""19"": 30, ""20"": 34, ""21"": 57, ""22"": 47, ""23"": 47, ""24"": 56, ""25"": 49, ""26"": 68, ""27"": 61, ""28"": 51, ""29"": 43, ""30"": 38, ""31"": 29, ""32"": 26, ""33"": 15, ""34"": 7, ""35"": 13, ""36"": 7, ""37"": 2, ""38"": 3, ""39"": 1, ""40"": 4, ""41"": 1, ""42"": 1}"
slimfly_5_dragonfly_min_random_5000_seed99.log,slimfly_5,SlimFly,5,random_5000,99,200,50,11,750,random,5000,5000,100.0,0,4,3.7986,0.50999,0.9946,0.073293,11,48,25.324,5.175462,829.166667,1579.5293,"{""0"": 27, ""2"": 86, ""3"": 727, ""4"": 4160}","{""11"": 1, ""12"": 1, ""13"": 1, ""14"": 3, ""15"": 3, ""16"": 10, ""17"": 14, ""18"": 20, ""19"": 38, ""20"": 46, ""21"": 56, ""22"": 44, ""23"": 51, ""24"": 65, ""25"": 49, ""26"": 53, ""27"": 57, ""28"": 45, ""29"": 35, ""30"": 37, ""31"": 32, ""32"": 23, ""33"": 21, ""34"": 13, ""35"": 8, ""36"": 9, ""37"": 2, ""38"": 4, ""39"": 3, ""40"": 1, ""41"": 2, ""42"": 1, ""44"": 1, ""48"": 1}"
slimfly_5_dragonfly_min_shift_5_seed13.log,slimfly_5,SlimFly,5,shift_5,13,200,50,11,750,shift,200,200,100.0,3,4,3.625,0.485338,1.0,0.0,0,6,0.966667,1.145122,6633.333333,41379.310345,"{""3"": 75, ""4"": 125}","{""0"": 232, ""1"": 452, ""2"": 1, ""3"": 29, ""4"": 11, ""5"": 10, ""6"": 15}"
slimfly_5_dragonfly_min_shift_5_seed42.log,slimfly_5,SlimFly,5,shift_5,42,200,50,11,750,shift,200,200,100.0,3,4,3.625,0.485338,1.0,0.0,0,6,0.966667,1.145122,6633.333333,41379.310345,"{""3"": 75, ""4"": 125}","{""0"": 232, ""1"": 452, ""2"": 1, ""3"": 29, ""4"": 11, ""5"": 10, ""6"": 15}"
slimfly_5_dragonfly_min_shift_5_seed99.log,slimfly_5,SlimFly,5,shift_5,99,200,50,11,750,shift,200,200,100.0,3,4,3.625,0.485338,1.0,0.0,0,6,0.966667,1.145122,6633.333333,41379.310345,"{""3"": 75, ""4"": 125}","{""0"": 232, ""1"": 452, ""2"": 1, ""3"": 29, ""4"": 11, ""5"": 10, ""6"": 15}"
